,function,coverage,generations,pop_size,missed_lines,test_cases
0,testable_int,0.8461538461538461,779,64,"[27, 28]","['testable_int(43210, -59604)', 'testable_int(-43212, -59601)']"
1,testable_float,0.6363636363636364,770,64,"[45, 46, 47, 49]","['testable_float(62339.48729090975, -34505.62951314519)', 'testable_float(-62339.48729090975, -34505.62951314519)']"
2,testable_str,1.0,0,64,[],"['testable_str(\'{t\', ""dNFTW\\n\\x0b(aJQ4\'0oQ)qU18+A"")', ""testable_str('T^~#(sj', '#')"", ""testable_str('v\\x0bx^>(\\x0b\\x0c', 'u8nwlS8')""]"
3,longest_consecutive_subsequence,0.8461538461538461,782,64,"[69, 82]","['longest_consecutive_subsequence([7719, -36416, 75078, -65068, 11288, 65893, -6134, 81897, -99519, 39999])']"
4,third_largest,1.0,0,64,[],"['third_largest([-83791, -94732, -47623])', 'third_largest([-22776, 30805])']"
5,contains_words,1.0,100,64,[],"['contains_words(\'-Ayk<U~%56sIr\\r~KqSA0Zpu(>Ai2{xyw>Coi~!6XexQbe<.En~:\\nuKo}VQ9|TFs[:vjKO`uA(L.]s\\r#E\\x0b5\', [\'i3+4j>r&f\\r\', \'6e\\x0b0gn\\\'\\n?->\\\'ABm.BIj2>6U`""Z8,YaT?n%5EI`d\\tvU\', \'3q.9\\x0bV~G,2)c[C&=s?xpjPg?s=kNh%TY6\', \'}+no7jMayZr,\\x0bMCwZ&Qk8(j(Z+E3wC-Ah`Z<&a\\tSN5C=iJ;!\'])', 'contains_words(\'O?^FLdlF6,+Bg""iP`SZmV/&*7n<q]\\x0cH#>V\\\\w\\nfKy9Z;_7KkX\\tpkdI4,R$%R>\', [\',\'])']"
6,find_numbers_divisible_by,1.0,0,64,[],"['find_numbers_divisible_by(-70804, 441, -9571)']"
7,check_contains,1.0,1,64,[],"[""check_contains('y7vJvd;[g=euJCR8jS*thg1,pT', '}\\x0b8\\t4\\\\')"", 'check_contains(\']|Y67au@d=P74^H\\reZjvRTa{VW""3<\', \'""\')']"
8,factorial,1.0,241,64,[],['factorial(585)']
9,fibonacci,0.8461538461538461,321,64,"[139, 141]","['fibonacci(17955)', 'fibonacci(-17957)']"
10,sum_digits,1.0,0,64,[],['sum_digits(68918)']
11,sort_by_length,1.0,0,64,[],"['sort_by_length([\'6))VSJ-?z/(`W\\x0b,m,\', \'=<,/H\\x0bcqM`rVK=[s]-Z)\', \'v;s3!""K%a8Ec&}@t\\\'Z\\r/>99\', \')I\', \'_d\\t6lZ\\nL\\nB~OW<z0}\', \'7x0{Y\'])']"
12,get_max_min,1.0,0,64,[],"['get_max_min([-58085, 90183, -59718, 62973, -63277, 80091, 31687, 98822, -74289])']"
13,merge_sort,1.0,0,64,[],"['merge_sort([-5989, 51441, 28876, 97382, 35610, 79628, -26890, 50598], [49794, 92781, 8333, -79035, 5434, -80177, -90969, -46531, -35400])']"
14,is_in_rectangle,1.0,0,64,[],"['is_in_rectangle(4746.511567805035, -4153.147680847978, -37539.26221263097, -72614.8021812423, -22838.285036153335, -28744.320537358755)', 'is_in_rectangle(-71218.89548235555, -9608.293660440671, -76394.52398268343, -62571.13409495543, 93083.66666613924, 80788.68063505436)']"
15,linear_search,0.75,785,64,[216],"['linear_search([25578, -86671], -15579)']"
16,hours_difference,0.4,772,64,"[226, 227, 228]","['hours_difference(\'$@:!w5gn*=?7.Eb\', \'qV<?5b;x:5wv>f&r5LwcN\\thL1,/cB[ m2VVc^~W\\nE.NqW&JmD?q`kPEYm1Y4r\\\'.pbi`ruX?pS6BteruJXqBLVso7 z&k#qLcywoy40C2eFP&7(Q""K}~%{,!SM[%12EX@AGD}}.,zJHw[!8r%plOJ3\')']"
17,code_generator,0.6666666666666666,777,64,"[243, 244, 245, 246]","['code_generator(""uO%Ew^iFghRRz9X\\n1jqv/7IOg;?X\\rFVdHn8B+Yd\'JvQOf t9.VJ+B\\x0ci\\r2tmYg\\t^>PFqV}:m?\\n8\\x0b+98;\'gQWYA"")']"
18,find_second_largest_number,1.0,0,64,[],"['find_second_largest_number([-32900.659400664896, -82205.60635053644, -7005.3583762021735, -26595.55410672714, 71538.95600569164, -12335.376831612593])']"
19,find_all_indices,1.0,14,64,[],"['find_all_indices([\' JX1*v%dFii*#!TJ""lOQR@x_zu5gd6\', \'tO/`_E.t2 t#\\x0c[ZV\', \'dxRlp \', \'1\\t*l\\\'qHLwO3cGsp""w(/wn\\ndM;m<0M\', \'=_$46L\', \'la\\x0b\', \'a8YN&\', \'\\n3R4#\\\\!{sew9S)0)\', \'\'], \'\')']"
20,celsius_to_fahrenheit,1.0,0,64,[],['celsius_to_fahrenheit(-8419.256651667733)']
21,character_count,1.0,0,64,[],"[""character_count('fZ751|3W(\\x0ccS%hdkIYq2&$<c..+')""]"
22,lcs,1.0,0,64,[],"[""lcs('3kq@ bO!*,xd,|MH+\\x0b6', 'puQ-m=n~u1@_9h*7+hy\\n|0AG~<tf')""]"
23,infix_to_postfix,0.96,776,64,[377],"['infix_to_postfix(\'O\\x0b5X(\\\'i&\\x0b)\\x0cl_pNF}].hE&fKeZ65mg~ym;U\\x0cXa$?D}qZ3*[PKr57S[SPDlL8xp(|\\\\_DX`.*6`\\\'+$Y;+S9_gf&Us>\\\\%e;MOd{5&`E0K dh@Q3(i)Mf> *-z$rp)&4fwT{pLuT""bl]=TSQ}Ow/hX6,pQT eyX\\tr?gI9[Ddy\\t##b$~Of\\tscTu;2BY|l:DhMf\\tq_co(SE&\')', 'infix_to_postfix(\'1\\x0bXt:Zh\\\\eF\\\'=a_Zv%g/J<XvQYZ_Uho[Qq<<M#:9/QKYu8_b?+wF""d8v#>.`,\\n(\')']"
24,is_prime,1.0,0,64,[],"['is_prime(56739)', 'is_prime(18329)']"
25,median,1.0,0,64,[],"['median([-92603, 30436, -84127, -98811])', 'median([35064, 14830, 89882, -3642, -5996, 27667, 43838, -73044, 12647])']"
26,insertionSort,1.0,0,64,[],"['insertionSort([-76481.74615633945, -40831.484820514466, 89112.99510259929, -34176.44219174974, -18912.784069825968, -95067.66972190246, -24462.81184917121, -5038.316079218712, -36139.095510392515, -26178.34578895493])']"
27,find_common_elements,0.8,779,64,[417],"['find_common_elements([-56837, -67371, -21359, -54252, 31670, -99090], [29126, -85175, -65238, 86083, 25737, -67863, -16870, 30284, 85218, 13469])']"
28,difference,1.0,0,64,[],"['difference([66815, -92330, 66362, 58085, 10676, -50142, 90737, 33838], [-98754])']"
29,is_palindrome,1.0,0,64,[],"['is_palindrome(""9gMCB|\']1,i;aBzj(oQH"")', ""is_palindrome('t')""]"
30,check_leap_year,1.0,538,64,[],"['check_leap_year(-23700)', 'check_leap_year(-30400)', 'check_leap_year(-13176)', 'check_leap_year(-23699)']"
31,selection_sort,1.0,0,64,[],"['selection_sort([-11346, 31011, 64304, 16924, -70845, 31558, -84805])']"
32,is_anagram,1.0,15,64,[],"[""is_anagram('VP0XzUnMLsZ*=mt', 'I]i')"", ""is_anagram('', '')""]"
33,extract_domain_name,1.0,3,64,[],"['extract_domain_name(\'$7z\\\'&%\\\\ohGVx+\\\'Q""V6<e4H$m4c\')', 'extract_domain_name(\'~\\rMAsC~XPSAz:X|8<4Qr$?JS//U)`M""4\')']"
34,group_by_department,0.5,759,64,"[512, 514, 515]","['group_by_department([{\'r8<>NnA\\rs>{c(tE,\': \'!@HR<qP\\rG4U\\nb)2n\', \'b~nj""r90DwS[v9XpQ8\\x0b+\': \'^N%d\\\\!LcyV7m>vC5\', ""\'1mX6A"": \'aU\', \'H5F $#M/{60\': \'}UdI/wmEp0&,ynsp,vg\', \'*:B\': ""LiF\'Hy1:Ffg"", \'!h&&O|5;pN.cN!v1!L)i0Jg)O6x\': \':\\x0b\\n\\nhV3I\\rU^~2&\', \'sL~1#4b8cFj~]gq%\\r\': \'*d|U#Wlg\\x0bF[4tPdoWH4{/tO!J\', \'BuX=V_s5Hi|?nrKm\': \')S9Mk&b)zey5NtbvLZ-x(\', \'79""[,<hHe.E7XKX73r59\': ""\\r.3@RLAU:n\'XX1nRGs*6MXk|(pn""}, {\'\\x0bs\': \'on}Y4\\x0b3PJ?X&Dk70n|uQm.9:h\\nZ-O\', \'+qX:}`xj[R\\n<G,\': \'x\\\\\\n""""IdX=EMgpIY#Yy~/\', \')ZAsc:\': \'Th\\x0bpOgV$a=m\\x0c&JKX&m\', \'9K`C_\': ""TC+V&j7j\'\'DlazNpn\\t#&:\\tdd5YuM"", \'L6C\': \'HG0)otNBr91)BK% m9X\', \' CNL-B`_,5w;]F*\': \'R#8ap+.LJ!CVc4.&j\\x0b\', \'`}}Pk!\': \'J^\', \'P*|\\txiI#k\\\\\': \'+n^Fi.SW\\x0cAP4Z<JY=knCktr\\nafOj\', \'Tp{5t-L}xTl3Wv8R~=\\x0cY2$c_n>wg\': \'y""\\t\\\\k&]sR:HX&(`aX_&O1L E\'}, {\'l,}Zp\': ""dBO(z9e(w\'&\'9rGayL5U)kE|.\'q._"", \'9GPrCUy[U\': \'sqCg2x""i&J7l<XhcY\\\'\', \'l]u%""m\': \'1-\\\\#y\', \'f5s\': \'@\\t~690ud-uXk 6MF\', \'@O\\nH\\x0c#TJ\': \'iap+A7\\n\\x0bdc{UZzU\', \'{2o\': \'V4/>zm{\\x0c`6\\tw#b/33\\n(x/.ZDQaM\\x0b(!\', \'Ol"",)z""9\\r\\\\BvR,Q\': \'G%?=\\x0b\', \'jh!\': \',?E1{#c=Z&O;^WT#b\', \'""Xdc4pzm}l0\\\\\': \'A1\'}, {""e[f^c%jl FP\\x0c,;ntvhSD/38Fyd!\'a"": \'xDfK.$i;@-n`mev\\\\o,$ai6iCbCr\', \'XAho\\x0cc!8ce3d\\x0b\\n/""l\\nGNeegAGTa\': \';di>\\\\Ay\\x0bW(BwF{2MEzb\', \'{1C6( m1bu4V\': \'P#+0h6_JU%Mo2lY3ljFN\\r%%;p\\x0cHzoab6>K[RKx\', \'R=^`V#(MD\': \'Go2<X7ze:S\', \'C``dx&^/\': \'a{\', \'Xawo`!A&k\': \'&r(|xCRNUEWSRV};WgTBOS;\\rI8\\\\C73\', \'_;yBg>\\torO_7z]@mR\': \'UrE3kyne(If?\\x0bf,im|\', ""XE>1s Q|i\'U\\\\K&v"": \'u#&\\x0cv0|Lm2e0>\\x0b5^ZVM\', \'k5;]Q\\rbgh[#Lx5Y|:l3V>#H\': \'[\\x0b#{\\x0bT;\'}])']"
35,search,1.0,20,64,[],"['search([\'\', \'Z{!/\\\\C""-A~""d4bthi9\'], \'\')']"
36,bot_responses,0.6666666666666666,795,64,"[530, 539]","[""bot_responses('\\nr/u1~DX!')""]"
37,form_subarrays,1.0,0,64,[],"['form_subarrays([-10242, 58588, -25892, -22415, 46253, 17233], 49855)', 'form_subarrays([53837, -40263, 5490, 96013, 48250, -65054, 13856], -19631)']"
38,get_probability_of_equal,0.5,867,64,"[576, 577, 578, 580]","['get_probability_of_equal([76670, -64119, -72313, -46720, -60320, 98574])']"
39,bubble_sort,1.0,0,64,[],"['bubble_sort([-68266, 62651, -241, 20164, 2340, -9910])']"
40,order_without_nlogn,1.0,0,64,[],"['order_without_nlogn([46705.214176525886, 41644.978926720825, 61560.43043826462, -45928.011776441745, -46281.201984856634])']"
41,move_items,1.0,0,64,[],"['move_items([-47285, 35425, -59737, 85136, 29583, -51444, -66580], [78007, 82911])']"
42,array_sum,1.0,0,64,[],"['array_sum([-56740.88362770448, -61308.65262382323])']"
43,find_max,1.0,0,64,[],"['find_max([-68611, 51907, 12549, -74449, 30628])']"
44,remove_vowels,1.0,0,64,[],"[""remove_vowels(' _eG-%-+p>&K3EtWA&[KIQ#')""]"
45,sum_natural_numbers,1.0,0,64,[],"['sum_natural_numbers(15960)', 'sum_natural_numbers(-81576)']"
46,common_substring,1.0,0,64,[],"['common_substring(""j\'&<VDbz+q^dX:!#[u]K(\'1-hi3^S"", \'!$""&>C)X\')']"
47,find_max_min,1.0,0,64,[],"['find_max_min([-54731.824492682725, 89594.34875206559, 48337.410151694436])']"
48,countVowels,1.0,0,64,[],"['countVowels(""s71Biy7<e\\tGq@=]\'#6;Oa ZhfJ_-w="")']"
49,max_int,1.0,0,64,[],"['max_int(-71095, 73417)', 'max_int(94871, -48291)']"
50,classify,1.0,0,64,[],"['classify(86268.21191258935)', 'classify(10119.622856252361)', 'classify(-42921.12657820375)']"
51,most_frequent,1.0,0,64,[],"['most_frequent([-56318, -89839, 60611, -71269])']"
52,hammingDistance,1.0,0,64,[],"['hammingDistance(\',*`9{sbkUB\\nQI~\\t??%\\n5wiE4i4(\\t\', ""*\\\\H]\\nMA\'{E9{_;\\tMyxf[`:$76`L7"")', ""hammingDistance('$u/hQJ+7S.da5', 'uxI7S!^UKV$y-@/p+ga\\\\&\\x0b!<K/~j')""]"
53,find_two_add_up_to_target,1.0,609,64,[],"['find_two_add_up_to_target([21722, -17488, -52314, 54958, 45029, 18879], 70489)', 'find_two_add_up_to_target([21722, -17489, -52315, 54958, 45031, -18876], 2643)']"
